<?xml version="1.0"?>
<!--<!DOCTYPE metadata SYSTEM "http://www.esri.com/metadata/esriprof80.dtd">-->
<metadata xml:lang="fr"><Esri><CreaDate>20100224</CreaDate><CreaTime>12361700</CreaTime><SyncOnce>TRUE</SyncOnce><MetaID>{694FEC98-EEDD-4A77-815D-9DCAFD86BCF4}</MetaID></Esri><idinfo><citation><citeinfo><onlink Sync="TRUE">\\D52L1DH1\D$\work_GIS\EDIT\Localite</onlink></citeinfo></citation></idinfo><distInfo><distributor><distorTran><onLineSrc><linkage Sync="TRUE">file://\\D52L1DH1\D$\work_GIS\EDIT\Localite</linkage><protocol Sync="TRUE">Local Area Network</protocol></onLineSrc></distorTran></distributor></distInfo><dataqual><lineage><procstep><procdesc Sync="TRUE">Dataset copied.</procdesc><srcused Sync="TRUE">D:\work_GIS\090507_SANTE\out\Localite</srcused><date Sync="TRUE">20090518</date><time Sync="TRUE">15093000</time></procstep><procstep><procdesc Sync="TRUE">Dataset copied.</procdesc><srcused Sync="TRUE">D:\data\RGC\Localite</srcused><date Sync="TRUE">20090519</date><time Sync="TRUE">15250100</time></procstep><procstep><procdesc Sync="TRUE">Dataset copied.</procdesc><srcused Sync="TRUE">D:\data\RGC\Localite</srcused><date Sync="TRUE">20090610</date><time Sync="TRUE">11314600</time></procstep><procstep><procdesc Sync="TRUE">Dataset moved.</procdesc><srcused Sync="TRUE">D:\work_GIS\090610_LOCALITE\EDIT\Localite</srcused><date Sync="TRUE">20090610</date><time Sync="TRUE">16523000</time></procstep><procstep><procdesc Sync="TRUE">Dataset copied.</procdesc><srcused Sync="TRUE">D:\work_GIS\090610_LOCALITE\090223_loc_african_parks\Localite</srcused><date Sync="TRUE">20090612</date><time Sync="TRUE">13443800</time></procstep><procstep><procdesc Sync="TRUE">Dataset copied.</procdesc><srcused Sync="TRUE">D:\work_GIS\090610_LOCALITE\090218_loc_Ituri\Localite</srcused><date Sync="TRUE">20090612</date><time Sync="TRUE">15152200</time></procstep><procstep><procdesc Sync="TRUE">Dataset copied.</procdesc><srcused Sync="TRUE">D:\work_GIS\090610_LOCALITE\081216_loc_road_NK_OCHA\Localite</srcused><date Sync="TRUE">20090616</date><time Sync="TRUE">17403100</time></procstep><procstep><procdesc Sync="TRUE">Dataset copied.</procdesc><srcused Sync="TRUE">D:\work_GIS\081217_DV_Data\out\Kalehe\Localite</srcused><date Sync="TRUE">20091006</date><time Sync="TRUE">15044500</time></procstep><procstep><procdesc Sync="TRUE">Dataset copied.</procdesc><srcused Sync="TRUE">D:\data\RGC\Localite</srcused><date Sync="TRUE">20100224</date><time Sync="TRUE">12361700</time></procstep></lineage></dataqual></metadata>
